Feature,Importance
duration_min,0.3079603166815327
artist_followers,0.29891531350718575
artist_popularity,0.19745511393672138
release_year,0.170822331157103
is_explicit,0.024846924717457308
