Feature,Importance
loudness,0.163729869371972
tempo,0.16339068417956276
energy,0.15716932928751248
acousticness,0.14978891143596196
valence,0.13672690056088402
danceability,0.13385209884642502
release_year,0.0953422063176819
